{
  "ж1": [
    {
      "type": "schedule",
      "content": "Дни недели  Время занятий  Наименование дисциплины  Вид занятий  Форма контроля  Ф.И.О. преподавателя должность  Аудитория\nВторник  09.00-10.20  Современный русский язык   Пр     доц. Мартиросян Н.В.  1207\n10.30-11.50  Современный русский язык   Л     доц. Мартиросян Н.В.  1207\n12.30-13.50  Основы российской государственности  Л  ЗО  доц. Глебов А.П.  203\n14.00-15.20  История России   Л     доц.Колобов Е.Ю.  506\n15.30-16.50  История зарубежной литературы\n(с 9.09)  Л  З  доц.Галамага А.А.  1103\n17.00-18.20               \nСреда  09.00-10.20               \n10.30-11.50               \n12.30-13.50  История зарубежной литературы\n(с 17.09)  Пр     доц.Галамага А.А.  708\n14.00-15.20  Безопасность жизнедеятельности\n(с 17.09)  Л  З  доц. Кучеренко В.Л.  1204\n15.30-16.50  История России   Пр     преп. Митрофанова И.В.   203\n17.00-18.20  Основы российской государственности  Пр     преп.Легошин А.И.  409\nЧетверг  9.00-10.20  Высшая математика   Пр     проф. Михайлова М.В.  503\n10.30-11.50  Круглый стол\n12.30-13.50  История зарубежной журналистики   Л  З  доц. Стебловская С.Б.  1103\n14.00-15.20  История отечественного кино  Л  З  преп. Бараев О.В.  908\n15.30-16.50  История отечественного кино  Пр     преп. Бараев О.В.  908\n17.00-18.20               \nПятница  09.00-10.20               \n10.30-11.50               \n12.30-13.50  Высшая математика   Л  З  проф. Михайлова М.В.  506\n14.00-15.20  История зарубежной журналистики   Пр     доц. Стебловская С.Б.  708\n15.30-16.50  Информационные технологии   Пр     доц.Шилов Г.В.  1004/1005\n17.00-18.20               \nСуббота  09.00-10.20  Основы теориии коммуникации (с 13.09)  Пр     преп.Большакова Е.С.  1103\n10.30-11.50  Основы теориии коммуникации (с 13.09)  Л  З  преп.Большакова Е.С.  1103\n12.30-13.50               \n14.00-15.20               \n15.30-16.50               \n17.00-18.20",
      "sender_id": 665509323,
      "timestamp": "2025-09-02 20:56:19.485461"
    },
    {
      "type": "schedule",
      "content": "ПН\n1) история россии\n2) высшая математика \n3)",
      "sender_id": 665509323,
      "timestamp": "2025-09-02 20:57:37.000724"
    },
    {
      "type": "announcement",
      "content": "@userinfobot",
      "sender_id": 665509323,
      "timestamp": "2025-09-02 20:58:34.766562"
    },
    {
      "type": "announcement",
      "content": "вы пидоры",
      "sender_id": 665509323,
      "timestamp": "2025-09-02 22:05:09.500027"
    },
    {
      "type": "schedule",
      "content": "У МЕНЯ ВЫСШАЯ МАТЕМАТИКА!!!",
      "sender_id": 665509323,
      "timestamp": "2025-09-03 00:04:53.704621"
    },
    {
      "type": "schedule",
      "content": "сосите хуй",
      "sender_id": 665509323,
      "timestamp": "2025-09-03 00:46:33.048977"
    },
    {
      "type": "announcement",
      "content": "саалам",
      "sender_id": 665509323,
      "timestamp": "2025-09-03 00:46:47.905603"
    },
    {
      "type": "schedule",
      "content": "1) ВЫСШАЯ МАТЕМАТИКА ГОВНО\n2) КТО ЕЕ СДЕЛАЛ ПОЛНЫЙ ДОЛБАЕБ",
      "sender_id": 665509323,
      "timestamp": "2025-09-03 00:48:03.476185"
    },
    {
      "type": "schedule",
      "content": "завтра кайфы",
      "sender_id": 665509323,
      "timestamp": "2025-09-03 00:50:25.742513"
    },
    {
      "type": "announcement",
      "content": "салам",
      "sender_id": 665509323,
      "timestamp": "2025-09-03 13:47:47.891524"
    },
    {
      "type": "schedule",
      "content": "[фото]",
      "sender_id": 665509323,
      "timestamp": "2025-09-03 13:55:21.245999"
    },
    {
      "type": "schedule",
      "content": "[фото]",
      "sender_id": 665509323,
      "timestamp": "2025-09-03 13:57:53.775821"
    },
    {
      "type": "schedule",
      "content": "[фото]",
      "sender_id": 665509323,
      "timestamp": "2025-09-03 23:23:53.824705"
    },
    {
      "type": "schedule",
      "content": "[фото]",
      "sender_id": 665509323,
      "timestamp": "2025-09-03 23:24:51.187394",
      "file_id": "AgACAgIAAxkBAAIB4Wi4o9mYzvx5C9luAuyMW-R9mryhAAKg-DEb3MjJSV77DKi1hR9fAQADAgADeQADNgQ",
      "media_type": "photo"
    }
  ],
  "р1": [
    {
      "type": "schedule",
      "content": "лох",
      "sender_id": 1408151201,
      "timestamp": "2025-09-02 21:01:14.412815"
    },
    {
      "type": "schedule",
      "content": "слава колокол",
      "sender_id": 1408151201,
      "timestamp": "2025-09-02 21:02:59.633482"
    }
  ],
  "р2": [
    {
      "type": "schedule",
      "content": "Расписание на текущую неделю",
      "sender_id": 943915529,
      "timestamp": "2025-09-03 20:59:45.048751"
    }
  ]
}